{
  "train_loss": [
    0.9838282032446428,
    0.776822720061649,
    0.723722209984606,
    0.7122758220542561,
    0.6820665899325501,
    0.7052840475331653,
    0.5690986073829911,
    0.5187881355258551,
    0.43392235921187833,
    0.4155286711386659,
    0.3663471879606897,
    0.3848927158185027,
    0.3229573787698014,
    0.2948637906969948,
    0.4005912524563345,
    0.3692359362982891,
    0.36078545851209626,
    0.27714201231190766,
    0.2607320179019801,
    0.30275113218125294,
    0.2649942013244568,
    0.14959348560924726,
    0.17573534928008236,
    0.1504577983392995,
    0.08778498866013251,
    0.09621963679621165,
    0.0726265870272817,
    0.08231838057029316,
    0.11864066469107373,
    0.0636558305612363,
    0.051537497019374066,
    0.08421358149181205,
    0.07016257356471298
  ],
  "train_acc": [
    65.66523605150215,
    75.82260371959943,
    75.82260371959943,
    76.25178826895565,
    76.68097281831187,
    76.10872675250357,
    83.97711015736766,
    86.69527896995709,
    89.27038626609442,
    90.12875536480686,
    92.27467811158799,
    91.70243204577969,
    92.98998569384835,
    92.70386266094421,
    92.56080114449213,
    93.2761087267525,
    93.56223175965665,
    94.27753934191702,
    95.27896995708154,
    95.27896995708154,
    96.13733905579399,
    97.42489270386267,
    98.28326180257511,
    97.99713876967095,
    98.56938483547926,
    98.71244635193133,
    99.14163090128756,
    99.14163090128756,
    98.14020028612303,
    99.4277539341917,
    99.28469241773963,
    98.8555078683834,
    98.99856938483548
  ],
  "val_loss": [
    0.9400489131609598,
    0.8462173938751221,
    0.8334236592054367,
    0.8774785449107488,
    0.8189313958088557,
    0.8615205983320872,
    0.6608108381430308,
    0.5978671461343765,
    0.48214033742745716,
    0.38960740342736244,
    0.34837204466263455,
    0.3171019032597542,
    0.5480900729695956,
    0.21383156161755323,
    0.24839402424792448,
    0.825922692194581,
    0.3018071319287022,
    0.2250464802297453,
    0.29763105791062117,
    0.33220151827360195,
    0.33185727374317747,
    0.4002263996905337,
    0.5522476445185021,
    0.43587674510975677,
    0.46084170941806707,
    0.5856064608087763,
    0.6815069630974904,
    0.6000215153520306,
    0.5284988124428006,
    0.48196561747075367,
    0.5858241717505734,
    0.5849459012388252,
    0.5579847976138504
  ],
  "val_acc": [
    66.66666666666667,
    68.96551724137932,
    67.816091954023,
    67.816091954023,
    67.816091954023,
    73.5632183908046,
    88.50574712643679,
    81.60919540229885,
    87.35632183908046,
    91.95402298850574,
    89.65517241379311,
    90.80459770114942,
    83.9080459770115,
    94.25287356321839,
    94.25287356321839,
    86.20689655172414,
    88.50574712643679,
    93.10344827586206,
    93.10344827586206,
    91.95402298850574,
    90.80459770114942,
    91.95402298850574,
    91.95402298850574,
    93.10344827586206,
    93.10344827586206,
    89.65517241379311,
    88.50574712643679,
    90.80459770114942,
    93.10344827586206,
    90.80459770114942,
    91.95402298850574,
    90.80459770114942,
    95.40229885057471
  ],
  "val_f1": [
    0.6216824111560953,
    0.6640926640926641,
    0.6539772727272728,
    0.6539772727272728,
    0.6539772727272728,
    0.7050847457627119,
    0.8376865671641791,
    0.7851851851851852,
    0.839671636790082,
    0.8918870939108823,
    0.8721632653061224,
    0.8817934782608696,
    0.8035483870967741,
    0.9250645994832041,
    0.9250645994832041,
    0.8316129032258064,
    0.8596774193548387,
    0.9136904761904762,
    0.9113451086956521,
    0.8979728597755068,
    0.8817934782608696,
    0.8950904392764858,
    0.8918870939108823,
    0.9058441558441559,
    0.9058441558441559,
    0.8688222482827944,
    0.8561507936507936,
    0.8817934782608696,
    0.9058441558441559,
    0.8783216783216783,
    0.8918870939108823,
    0.8817934782608696,
    0.9350746268656717
  ],
  "fall_recall": [
    0.6666666666666666,
    0.8571428571428571,
    0.8571428571428571,
    0.8571428571428571,
    0.8571428571428571,
    0.8571428571428571,
    0.7142857142857143,
    0.9047619047619048,
    0.8571428571428571,
    0.8571428571428571,
    0.9523809523809523,
    0.9047619047619048,
    0.8571428571428571,
    0.9523809523809523,
    0.9523809523809523,
    0.9047619047619048,
    0.9523809523809523,
    1.0,
    0.9523809523809523,
    0.9523809523809523,
    0.9047619047619048,
    0.9047619047619048,
    0.8571428571428571,
    0.8571428571428571,
    0.8571428571428571,
    0.9047619047619048,
    0.9047619047619048,
    0.9047619047619048,
    0.8571428571428571,
    0.8571428571428571,
    0.8571428571428571,
    0.9047619047619048,
    0.8571428571428571
  ],
  "val_score": [
    0.648672964462438,
    0.7464252429769671,
    0.740080235856098,
    0.740080235856098,
    0.740080235856098,
    0.7720174779438368,
    0.797800406832831,
    0.8391972267834338,
    0.8534384412513367,
    0.8835200263985072,
    0.9091280319024161,
    0.8962313486114086,
    0.8320925896498755,
    0.9394839678720993,
    0.9394839678720993,
    0.8669637162985327,
    0.90183484294719,
    0.9516830870279147,
    0.9316973209823659,
    0.9240495708395952,
    0.8962313486114086,
    0.9038489835923678,
    0.8835200263985072,
    0.8914017017465294,
    0.8914017017465294,
    0.888744006045466,
    0.881376573617953,
    0.8962313486114086,
    0.8914017017465294,
    0.875795009588113,
    0.8835200263985072,
    0.8962313486114086,
    0.907691591304561
  ]
}